<?xml version="1.0" encoding="UTF-8"?>
<!DOCTYPE hibernate-configuration PUBLIC
		"-//Hibernate/Hibernate Configuration DTD 3.0//EN"
		"http://hibernate.sourceforge.net/hibernate-configuration-3.0.dtd">
<hibernate-configuration>
    <session-factory>
    <property  name="hibernate.cache.region.factory_class">jcache</property>
  <property  name="hibernate.javax.cache.provider">org.ehcache.jsr107.EhcacheCachingProvider</property>
 <property name="hibernate.cache.use_query_cache">true</property>
<property name="hibernate.cache.use_second_level_cache">true</property>
  <property name="show_sql">true</property>
 <property name="hibernate.generate_statistics">true</property>
 
        <property name="hibernate.connection.driver_class">com.mysql.cj.jdbc.Driver</property>
        <property name="hibernate.connection.password">root</property>
        <property name="hibernate.connection.url">jdbc:mysql://localhost:3306/sampledb</property>
        <property name="hibernate.connection.username">root</property>
         <property name="hibernate.dialect">org.hibernate.dialect.MySQLDialect</property>
        <property name="hibernate.hbm2ddl.auto">update</property>
         <mapping class="mypack.Product"/> 
    </session-factory>
</hibernate-configuration>

